name;description;year;manufacturer;width;height
005;005;1981;Sega;256;224
1941;1941: Counter Attack (World 900227);1990;Capcom;384;224
1942;1942 (Revision B);1984;Capcom;256;224
1943;1943: The Battle of Midway (Euro);1987;Capcom;256;224
1943kai;1943 Kai: Midway Kaisen (Japan);1987;Capcom;256;224
1943mii;1943: The Battle of Midway Mark II (US);1987;Capcom;256;224
1945kiii;1945k III (newer, OPCX2 PCB);2000;Oriental Soft;320;224
19xx;19XX: The War Against Destiny (USA 951207);1996;Capcom;384;224
20pacgal;Ms. Pac-Man/Galaga - 20th Anniversary Class of 1981 Reunion (V1.08);2000;Namco / Cosmodog;288;224
25pacman;Pac-Man - 25th Anniversary Edition (Rev 3.00);2006;Namco / Cosmodog;288;224
39in1;39 in 1 MAME bootleg;2004;bootleg;296;480
4in1;4 Fun in 1;1981;Armenia / Food and Fun;256;224
8ball;Video Eight Ball;1982;Century Electronics;240;248
8ballact;Eight Ball Action (DK conversion);1984;Seatongrove Ltd (Magic Electronics USA license);256;224
aafb;All American Football (rev E);1989;Leland Corporation;320;240
aceattac;Ace Attacker (FD1094 317-0059);1988;Sega;320;224
acefruit;Silhouette;1982?;ACE;512;256
acrobatm;Acrobat Mission;1991;UPL (Taito license);256;224
ad2083;A. D. 2083;1983;Midcoin;256;224
aerofgt;Aero Fighters (World / USA + Canada / Korea / Hong Kong / Taiwan) (newer hardware);1992;Video System Co.;320;224
afighter;Action Fighter (FD1089A 317-0018);1986;Sega;320;224
agallet;Air Gallet (Europe);1996;Gazelle (Banpresto license);320;240
airass;Air Assault (World);1993;Irem;320;240
airattck;Air Attack (set 1);1996;Comad;256;224
airduel;Air Duel (World, M82-A-A + M82-B-A);1990;Irem;384;256
airraid;Air Raid (Single PCB);1987;Seibu Kaihatsu;256;224
ajax;Ajax;1987;Konami;304;224
alcon;Alcon (US);1986;Toaplan / Taito America Corp.;280;240
alibaba;Ali Baba and 40 Thieves;1982;Sega;288;224
alinvade;Alien Invaders;198?;Forbes?;128;128
alleymas;Alley Master;1986;Cinematronics;320;240
alphaho;Alpha Fighter / Head On;19??;Data East Corporation;256;224
alpine;Alpine Ski (set 1);1982;Taito Corporation;256;224
altair;Altair;1981;Cidelsa;294;294
amazon;Soldier Girl Amazon;1986;Nichibutsu;256;224
amidar;Amidar;1982;Konami;768;224
androidp;Android (prototype, later build);1987;Nasco;256;192
andromed;Andromeda (Japan?);1979;IPM;240;224
angelkds;Angel Kids (Japan);1988;Sega / Nasco?;256;240
anteater;Anteater;1982;Tago Electronics;768;224
apb;APB - All Points Bulletin (rev 7);1987;Atari Games;512;384
arabian;Arabian;1983;Sun Electronics;256;234
arbalest;Arbalester;1989;Seta;384;224
arcadian;Arcadia (NMK);1994;NMK;384;224
argus;Argus;1986;NMK (Jaleco license);256;224
arkanoid;Arkanoid (World, older);1986;Taito Corporation Japan;256;224
arkatour;Tournament Arkanoid (US);1987;Taito America Corporation (Romstar license);256;224
arknoid2;Arkanoid - Revenge of DOH (World);1987;Taito Corporation Japan;256;224
armchmp2;Arm Champs II v2.6;1992;Jaleco;256;224
armedf;Armed Formation;1988;Nichibutsu;320;240
armorcar;Armored Car (set 1);1981;Stern Electronics;768;224
ashura;Ashura Blaster (World);1990;Taito Corporation Japan;320;224
aso;ASO - Armored Scrum Object;1985;SNK;288;216
assault;Assault (Rev B);1988;Namco;288;224
astrob;Astro Blaster (version 3);1981;Sega;256;224
astrof;Astro Fighter (set 1);1979;Data East;256;256
astrowar;Astro Wars;1980;Zaccaria / Zelco;240;240
asuka;Asuka & Asuka (World);1988;Taito Corporation;320;240
asylum;Asylum (prototype);1991;Leland Corporation;320;240
atamanot;Computer Quiz Atama no Taisou (Japan);1983;Yachiyo Denki / Uni Enterprize;256;256
atlantis;Battle of Atlantis (set 1);1981;Comsoft;768;224
attckufo;Attack UFO;1980;Ryoto Electric Co.;184;176
avengers;Avengers (US set 1);1987;Capcom;256;240
azurian;Azurian Attack;1982;Rait Electronics Ltd;768;224
babypac;Baby Pac-Man (set 1);1982;Dave Nutting Associates / Bally;280;216
bagman;Bagman;1982;Valadon Automation;256;224
ballbomb;Balloon Bomber;1980;Taito;260;224
baluba;Baluba-louk no Densetsu (Japan);1986;Able Corp, Ltd.;256;224
barrier;Barrier;1979;Cinematronics (Vectorbeam license);;
baryon;Baryon - Future Assault (set 1);1997;SemiCom / Tirano;308;224
batrider;Armed Police Batrider (Europe) (Fri Feb 13 1998);1998;Raizing / Eighting;320;240
batsugun;Batsugun;1993;Toaplan;320;240
battlane;Battle Lane! Vol. 5 (set 1);1986;Technos Japan (Taito license);240;256
battlnts;Battlantis (program code G);1987;Konami;256;224
battroad;The Battle-Road;1984;Irem;256;256
bbakraid;Battle Bakraid - Unlimited Version (USA) (Tue Jun 8 1999);1999;Eighting;320;240
bcruzm12;Battle Cruiser M-12;1983;Sigma Enterprises Inc.;256;224
beaminv;Beam Invader;1979;Teknon Kogyo;248;216
beezer;Beezer (set 1);1982;Tong Electronic;288;240
berenstn;The Berenstain Bears in Big Paw's Cave;1984;Enter-Tech, Ltd.;240;224
bermudat;Bermuda Triangle (World?);1987;SNK;400;224
bgaregga;Battle Garegga (Europe / USA / Japan / Asia) (Sat Feb 3 1996);1996;Raizing / Eighting;320;240
bigbucks;Big Bucks;1986;Dynasoft Inc.;288;224
bigevglf;Big Event Golf (US);1986;Taito America Corporation;256;224
bigprowr;The Big Pro Wrestling!;1983;Technos Japan;256;240
bikkuric;Bikkuri Card (Japan);1987;Peni;256;224
bioatack;Bio Attack;1983;Taito Corporation (Fox Video Games license);256;224
birdiy;Birdiy;1983;Mama Top;288;224
birdtry;Birdie Try (Japan);1988;Data East Corporation;256;240
bitgrpha;BitGraph rev A;1981;BBN;1024;768
bitgrphb;BitGraph rev B;1982;BBN;1024;768
bjtwin;Bombjack Twin (set 1);1993;NMK;384;224
bking;Birdie King;1982;Taito Corporation;256;224
bking2;Birdie King 2;1983;Taito Corporation;256;224
bking3;Birdie King 3;1984;Taito Corporation;256;224
bladestl;Blades of Steel (version T);1987;Konami;256;224
blastoff;Blast Off (Japan);1989;Namco;288;224
blazer;Blazer (Japan);1987;Namco;288;224
blkhole;Black Hole;1981;TDS & MINTS;768;224
block;Block Block (World 911219 Joystick);1991;Capcom;384;240
blockcar;Block Carnival / Thunder & Lightning 2;1992;Visco;384;240
blockgal;Block Gal (MC-8123B, 317-0029);1987;Sega / Vic Tokai;512;224
blswhstl;Bells & Whistles (World, version L);1991;Konami;320;224
bluehawk;Blue Hawk;1993;Dooyong;384;240
blueprnt;Blue Print (Midway);1982;Zilec Electronics / Bally Midway;256;224
boggy84;Boggy '84;1983;Kaneko;256;224
bombbee;Bomb Bee;1979;Namco;272;224
bombjack;Bomb Jack (set 1);1984;Tehkan;256;224
bombsa;Bombs Away (prototype);1988;Jaleco;256;224
bongo;Bongo;1983;Jetsoft;256;224
boomrang;Boomer Rang'r / Genesis (set 1);1983;Data East Corporation;256;240
boonggab;Boong-Ga Boong-Ga (Spank'em!);2001;Taff System;320;236
botanic;Botanic (English / Spanish);1983;Itisa;256;224
bowl3d;3-D Bowling;1978;Meadows Games, Inc.;256;224
bowler;Bowling Alley;1978;Midway;260;224
bowlrama;Bowl-O-Rama Rev 1.0;1991;P&P Marketing;360;240
brdrline;Borderline;1981;Sega;256;224
breakout;Breakout [TTL];1976;Atari;858;525
brickzn;Brick Zone (v6.0, Joystick);1992;SunA;256;224
brubber;Burnin' Rubber;1982;Data East;256;240
btime;Burger Time (Data East set 1);1982;Data East Corporation;240;240
buggychl;Buggy Challenge;1984;Taito Corporation;256;224
bullfgtr;Bull Fighter;1984;Alpha Denshi Co.;256;208
bullsdrt;Bulls Eye Darts;1985;Shinkai Inc. (Magic Electronics Inc. license);256;240
bwcasino;Boardwalk Casino;1983;Epos Corporation;288;224
bwings;B-Wings (Japan new Ver.);1984;Data East Corporation;256;240
cairblad;Change Air Blade (Japan);1999;Sammy;338;240
calibr50;Caliber 50;1989;Athena / Seta;384;240
calipso;Calipso;1982;Tago Electronics;768;224
cannonbp;Cannon Ball (Pac-Man Hardware);1985;Novomatic;288;224
capbowl;Capcom Bowling (set 1);1988;Incredible Technologies / Capcom;360;245
captflag;Captain Flag (Japan);1993;Jaleco;256;224
carhntds;Car Hunt / Deep Scan (France);1979;Sega;256;224
carjmbre;Car Jamboree;1983;Omori Electric Co., Ltd.;256;224
carnival;Carnival (upright);1980;Sega;256;224
catacomb;Catacomb;1982;MTM Games;768;224
catapult;Catapult;1982;Epos Corporation;272;236
catnmous;Cat and Mouse (set 1);1982;Zaccaria;736;247
cavelon;Cavelon;1983;Jetsoft;256;224
cchasm;Cosmic Chasm (set 1);1983;Cinematronics / GCE;;
centiped;Centipede (revision 4);1980;Atari;256;240
cfarm;Chicken Farm (Version 2.0);1999;LAI Games;512;236
champbwl;Championship Bowling;1989;Seta / Romstar Inc.;384;240
chanbara;Chanbara;1985;Data East;256;224
checkman;Check Man;1982;Zilec-Zenitone;768;224
cheekyms;Cheeky Mouse;1980;Universal;256;192
chinhero;Chinese Hero;1984;Taiyo;288;224
chkun;Chance Kun (Japan);1988;Peni;256;224
chopper;Chopper I (US set 1);1988;SNK;400;224
chqflag;Chequered Flag;1988;Konami;304;224
circusc;Circus Charlie (level select, set 1);1984;Konami;256;224
citybomb;City Bomber (World);1987;Konami;256;224
ckong;Crazy Kong;1981;Kyoei / Falcon;256;224
ckongpt2;Crazy Kong Part II (set 1);1981;Falcon;256;224
clubpacm;Pacman Club / Club Lambada (Argentina);1989;Miky SRL;288;224
cmkenosp;Coinmaster Keno (Y2K, Spanish, 2000-12-14);2000;Coinmaster-Gaming, Ltd.;640;480
cmmb162;Centipede / Millipede / Missile Command / Let's Go Bowling (rev 1.62);2002;Cosmodog / Team Play (Licensed from Infogrames via Midway Games West);256;240
cmrltv75;Coinmaster Roulette P497 V75 (Y2K, Spanish);2001;Coinmaster-Gaming, Ltd.;640;480
cntsteer;Counter Steer (Japan);1985;Data East Corporation;256;240
cocoloco;Coco Loco (set 1);198?;Petaco S.A.;256;256
colony7;Colony 7 (set 1);1981;Taito;292;240
combh;Combat Hawk;1987;Sanritsu / Sega;224;224
commando;Commando (World);1985;Capcom;256;224
commsega;Commando (Sega);1983;Sega;256;224
complexx;Complex X;1984;Taito America Corporation;256;256
congo;Congo Bongo (Rev C, 2 board stack);1983;Sega;256;224
conquer;Conqueror;198?;<unknown>;256;224
contra;Contra (US / Asia, set 1);1987;Konami;280;224
cosmica;Cosmic Alien (version II);1979;Universal;256;192
cosmicg;Cosmic Guerilla;1979;Universal;256;192
cosmo;Cosmo;1979;TDS & MINTS;260;224
cosmogng;Cosmo Gang the Video (US);1991;Namco;288;224
cosmos;Cosmos;1981;Century Electronics;240;248
crbaloon;Crazy Balloon (set 1);1980;Taito Corporation;256;224
crshrace;Lethal Crash Race (set 1);1993;Video System Co.;320;224
crush;Crush Roller (set 1);1981;Alpha Denshi Co. / Kural Samno Electric, Ltd.;288;224
crzrally;Crazy Rally (set 1);1985;Tecfri;256;224
curvebal;Curve Ball;1984;Mylstar;256;240
cutieq;Cutie Q;1979;Namco;272;224
cybattlr;Cybattler;1993;Jaleco;256;224
cyclshtg;Cycle Shooting;1986;Taito;256;224
dai3wksi;Dai San Wakusei Meteor (Japan);1979;Sun Electronics;248;240
daikaiju;Daikaiju no Gyakushu;1986;Taito;256;224
daioh;Daioh;1993;Athena;384;240
dambustr;Dambusters (US, set 1);1981;South West Research;256;224
dangar;Ufo Robo Dangar (4/07/1987);1986;Nichibutsu;256;224
dangseed;Dangerous Seed (Japan);1989;Namco;288;224
darkmist;The Lost Castle In Darkmist;1986;Seibu Kaihatsu (Taito license);256;224
darkwar;Dark Warrior;1981;Century Electronics;240;248
darwin;Darwin 4078 (Japan);1986;Data East Corporation;240;240
dazzler;Dazzler;1982;Century Electronics;240;248
dblewing;Double Wings;1993;Mitchell;320;240
dcheese;Double Cheese;1993;HAR;320;240
ddayjlc;D-Day (Jaleco set 1);1984;Jaleco;256;224
ddonpach;DoDonPachi (International, Master Ver. 97/02/05);1997;Cave (Atlus license);320;240
ddp3;DoDonPachi III (World, 2002.05.15 Master Ver);2002;Cave (AMI license);448;224
ddpdfk;DoDonPachi Dai-Fukkatsu Ver 1.5 (2008/06/23 MASTER VER 1.5);2008;Cave (AMI license);320;240
ddpdojt;DoDonPachi Dai-Ou-Jou Tamashii (V201, China);2010;IGS / Cave;448;224
dealer;The Dealer;1984;Epos Corporation;272;236
decocass;DECO Cassette System;1981;Data East Corporation;256;240
demoneye;Demoneye-X;1981;Irem;256;240
desertbr;Desert Breaker (World) (FD1094 317-0196);1992;Sega;320;224
desertwr;Desert War / Wangan Sensou (ver 1.0);1995;Jaleco;320;224
destryer;Destroyer (Cidelsa) (set 1);1980;Cidelsa;294;294
devilfsh;Devil Fish;1982;Artic;256;224
devstors;Devastators (ver. Z);1988;Konami;304;224
devzone;Devil Zone;1980;Universal;256;192
dfkbl;DoDonPachi Dai-Fukkatsu Black Label (2010/1/18 BLACK LABEL);2010;Cave (AMI license);320;240
digdug;Dig Dug (rev 2);1982;Namco;288;224
digdug2;Dig Dug II (New Ver.);1985;Namco;288;224
digger;Digger;1980;Sega;256;224
diggerc;Digger (CVS);1982;Century Electronics;240;248
dimahoo;Dimahoo (Euro 000121);2000;Eighting / Raizing (Capcom license);384;224
dingo;Dingo;1983;Ashby Computers and Graphics Ltd. (Jaleco license);768;224
dirtfoxj;Dirt Fox (Japan);1989;Namco;288;224
disco;Disco No.1;1982;Data East;240;240
discoboy;Disco Boy;1993;Soft Art Co.;384;240
divebomb;Kyuukoukabakugekitai - Dive Bomber Squad (Japan, prototype);1989;Konami;256;224
dkong;Donkey Kong (US set 1);1981;Nintendo of America;256;224
dkong3;Donkey Kong 3 (US);1983;Nintendo of America;256;224
dkongjr;Donkey Kong Junior (US set F-2);1982;Nintendo of America;256;224
docastle;Mr. Do's Castle (set 1);1983;Universal;240;192
dockman;Dock Man;1982;Taito Corporation;256;224
dogfight;Dog Fight (Thunderbolt);1983;Orca / Thunderbolt;256;224
dogyuun;Dogyuun;1992;Toaplan;320;240
dommy;Dommy;1983;Technos Japan;240;240
donpachi;DonPachi (US);1995;Cave (Atlus license);320;240
dorachan;Dora-chan (Japan);1980;Alpha Denshi Co. / Craul Denshi;256;240
dorodon;Dorodon (set 1);1982;UPL (Falcon license?);240;192
downtown;DownTown / Mokugeki (set 1);1989;Seta;384;240
draco;Draco;1981;Cidelsa;294;294
dragnblz;Dragon Blaze;2000;Psikyo;320;224
drakton;Drakton (DK conversion);1984;Epos Corporation;256;224
dremshpr;Dream Shopper;1982;Sanritsu;288;224
driftout;Drift Out (Europe);1991;Visco;320;224
drivfrcp;Driving Force (Pac-Man conversion);1984;Shinkai Inc. (Magic Electronics Inc. license);256;224
drmicro;Dr. Micro;1983;Sanritsu;256;224
drtoppel;Dr. Toppel's Adventure (World);1987;Kaneko / Taito Corporation Japan;256;224
dsaber;Dragon Saber (World, DO2);1990;Namco;288;224
dspirit;Dragon Spirit (new version (DS3));1987;Namco;288;224
dyger;Dyger (Korea set 1);1989;Philko;384;224
dynadice;Dynamic Dice;19??;<unknown>;272;200
dynamski;Dynamic Ski;1984;Taiyo;288;224
dynobop;Dyno Bop (V1.1);1990;Grand Products/Incredible Technologies;256;240
earthjkr;U.N. Defense Force: Earth Joker (Japan);1993;Visco;320;240
eeekk;Eeekk!;1984;Epos Corporation;288;224
eggor;Eggor;1983;Telko;288;224
eightfrc;Eight Forces;1994;Tecmo;384;224
elecyoyo;The Electric Yo-Yo (set 1);1982;Taito America Corporation;256;256
enigma2;Enigma II;1981;Game Plan (Zilec Electronics license);256;224
equites;Equites;1984;Alpha Denshi Co.;256;208
espgal;Espgaluda (2003/10/15 Master Ver);2003;Cave (AMI license);448;224
espgal2;Espgaluda II (2005/11/14 MASTER VER);2005;Cave (AMI license);320;240
esprade;ESP Ra.De. (International, Ver. 98/04/22);1998;Cave (Atlus license);320;240
evilston;Evil Stone;1990;Spacy Industrial, Ltd.;320;224
exctscc2;Exciting Soccer II;1984;Alpha Denshi Co.;256;224
exctsccr;Exciting Soccer;1983;Alpha Denshi Co.;256;224
exedexes;Exed Exes;1985;Capcom;256;224
exerion;Exerion;1983;Jaleco;320;224
explbrkr;Explosive Breaker;1992;Kaneko;256;224
extrmatn;Extermination (World);1987;Taito Corporation Japan;256;224
eyes;Eyes (US set 1);1982;Techstar (Rock-Ola license);288;224
f1gp;F-1 Grand Prix;1991;Video System Co.;320;240
f1gp2;F-1 Grand Prix Part II;1992;Video System Co.;320;224
fantasia;Fantasia (940429 PCB, set 1);1994;Comad & New Japan System;256;224
fantastc;Fantastic (Galaga conversion on Galaxian hardware);198?;Taito do Brasil;768;224
fantasyu;Fantasy (US);1981;SNK (Rock-Ola license);256;224
fastlane;Fast Lane;1987;Konami;280;224
fcombat;Field Combat;1985;Jaleco;320;224
feversos;Fever SOS (International, Ver. 98/09/25);1998;Cave (Nihon System license);320;240
fghtatck;Fighter & Attacker (US);1992;Namco;304;224
fgoal;Field Goal (set 1);1979;Taito;256;240
fhawk;Fighting Hawk (World);1988;Taito Corporation Japan;320;224
fi6845;Fast Invaders (6845 version);1979;Fiberglass;640;266
fightrol;Fighting Roller;1983;Kaneko (Taito license);256;224
finalizr;Finalizer - Super Transformation;1985;Konami;272;224
firebatl;Fire Battle;1984;Wood Place Inc. (Taito license);288;224
fireshrk;Fire Shark;1990;Toaplan;320;240
firetrap;Fire Trap (US, set 1);1986;Wood Place Inc. (Data East USA license);256;240
firetrk;Fire Truck / Smokey Joe;1978;Atari;320;240
fiveside;Five a Side Soccer (ver UAA);1995;Konami;512;400
fixeight;FixEight (Europe);1992;Toaplan;320;240
flipjack;Flipper Jack;1983?;Jackson Co., Ltd.;256;192
flyboy;Fly-Boy;1982;Kaneko;256;224
flytiger;Flying Tiger (set 1);1992;Dooyong;384;240
fnkyfish;Funky Fish;1981;Sun Electronics;512;240
freekick;Free Kick (NS6201-A 1987.10);1987;Nihon System (Merit license);256;224
freeze;Freeze;1984;Cinematronics;256;224
frogger;Frogger;1981;Konami;768;224
frontlin;Front Line;1982;Taito Corporation;256;224
fshark;Flying Shark (World);1987;Toaplan / Taito Corporation;320;240
fspiderb;Frog & Spiders (bootleg?);1981;Taito Corporation;256;224
fstarfrc;Final Star Force (US);1992;Tecmo;256;224
funkybee;Funky Bee;1982;Orca;236;224
futari15;Mushihime-Sama Futari Ver 1.5 (2006/12/8.MASTER VER. 1.54.);2006;Cave (AMI license);320;240
futaribl;Mushihime-Sama Futari Black Label - Another Ver (2009/11/27 INTERNATIONAL BL);2007;Cave (AMI license);320;240
futflash;Future Flash;1980;Hoei;256;256
futspy;Future Spy (315-5061);1984;Sega;256;224
gaiapols;Gaiapolis (ver EAF);1993;Konami;376;224
galactic;Galactica - Batalha Espacial;1980?;Taito do Brasil;260;224
galaga;Galaga (Namco rev. B);1981;Namco;288;224
galaga88;Galaga '88;1987;Namco;288;224
galaxia;Galaxia (set 1);1979;Zaccaria / Zelco;240;240
galaxian;Galaxian (Namco set 1);1979;Namco;768;224
galaxygn;Galaxy Gunners;1989;Electronic Devices Italy;352;256
galgame;Galaxy Game;1971;Computer Recreations, Inc;512;512
galivan;Cosmo Police Galivan (12/26/1985);1985;Nichibutsu;256;224
galmedes;Galmedes (Japan);1992;Visco;320;240
galpani2;Gals Panic II (Asia);1993;Kaneko;320;240
galpani3;Gals Panic 3 (Euro);1995;Kaneko;320;240
galpanic;Gals Panic (Unprotected);1990;Kaneko;256;224
galsnew;Gals Panic (US, EXPRO-02 PCB);1990;Kaneko;256;224
galspnbl;Gals Pinball;1996;Comad;512;224
galxwars;Galaxy Wars (Universal set 1);1979;Universal;260;224
gametngk;The Game Paradise - Master of Shooting! / Game Tengoku - The Game Paradise (ver 1.0);1995;Jaleco;320;224
gaplus;Gaplus (GP2 rev. B);1984;Namco;288;224
gardia;Gardia (317-0006);1986;Coreland / Sega;512;224
gbusters;Gang Busters (set 1);1988;Konami;320;224
gcpinbal;Grand Cross v1.02F;1994;Excellent System;320;224
geebee;Gee Bee (Japan);1978;Namco;272;224
gekiridn;Gekirindan (Ver 2.3O 1995/09/21);1995;Taito Corporation;320;232
gekisou;Gekisou (Japan);1985;Eastern Corp.;256;208
gemini;Gemini Wing (Japan);1987;Tecmo;256;224
gground;Gain Ground (World, 3 Players, Floppy Based, FD1094 317-0058-03d Rev A);1988;Sega;496;384
ghox;Ghox (spinner);1991;Toaplan;320;240
gigas;Gigas (MC-8123, 317-5002);1986;Sega;256;224
gigasm2;Gigas Mark II (MC-8123, 317-5002);1986;Sega;256;224
gmgalax;Ghostmuncher Galaxian (bootleg);1981;bootleg;768;224
gnbarich;Gunbarich;2001;Psikyo;320;224
goindol;Goindol (World);1987;SunA;256;224
goldbug;Gold Bug;1982;Century Electronics;240;248
gomoku;Gomoku Narabe Renju;1981;Nichibutsu;256;224
gondo;Gondomania (US);1987;Data East USA;256;240
gorf;Gorf;1981;Dave Nutting Associates / Midway;352;240
gp2quiz;Gals Panic II - Quiz Version;1993;Kaneko;320;240
gp2se;Gals Panic II' - Special Edition (Japan);1994;Kaneko;320;240
gp32;GP32;2001;Game Park Holdings;240;320
grasspin;Grasspin;1983;Zilec Electronics / Jaleco;256;224
grchamp;Grand Champion;1981;Taito;256;224
greenber;Green Beret (Irem);1980;Irem;256;224
grindstm;Grind Stormer;1992;Toaplan;320;240
grobda;Grobda (New Ver.);1984;Namco;288;224
gseeker;Grid Seeker: Project Storm Hammer (Ver 1.3O);1992;Taito Corporation Japan;320;224
gstream;G-Stream G2020;2002;Oriental Soft Japan;320;240
gulfstrm;Gulf Storm (set 1);1991;Dooyong;384;240
gulfwar2;Gulf War II (set 1);1991;Comad;320;240
gunbird;Gunbird (World);1994;Psikyo;320;224
gunbird2;Gunbird 2 (set 1);1998;Psikyo;320;224
gundealr;Gun Dealer;1990;Dooyong;256;224
gundhara;Gundhara;1995;Banpresto;384;240
gunfront;Gun & Frontier (World);1990;Taito Corporation Japan;320;224
gunlock;Gunlock (Ver 2.3O 1994/01/20);1993;Taito Corporation Japan;320;224
gunnail;GunNail (28th May. 1992);1993;NMK / Tecmo;384;224
gunsmoke;Gun.Smoke (World, 851115);1985;Capcom;256;224
guwange;Guwange (Japan, Master Ver. 99/06/24);1999;Cave (Atlus license);320;240
guzzler;Guzzler;1983;Tehkan;256;224
gwar;Guerrilla War (US);1987;SNK;400;224
gyrodine;Gyrodine;1984;Crux;288;224
gyruss;Gyruss;1983;Konami;256;224
hal21;HAL21;1985;SNK;288;216
halleys;Halley's Comet (US);1986;Taito America Corporation (Coin-It license);256;240
hamaway;Hammer Away (Japan, prototype);1991;Sega / Santos;320;224
harem;Harem;1983;I.G.R.;256;224
hbarrel;Heavy Barrel (US);1987;Data East USA;256;240
headoni;Head On (Irem, M-15 Hardware);1979;Irem;256;224
heartatk;Heart Attack;1983;Century Electronics;240;248
heiankyo;Heiankyo Alien;1979;Denki Onkyo;256;224
helifire;HeliFire (set 1);1980;Nintendo;256;224
hero;Hero;1984;Century Electronics / Seatongrove Ltd;240;248
highsplt;Space Fever High Splitter (set 1);1979;Nintendo;256;224
himesiki;Himeshikibu (Japan);1989;Hi-Soft;256;192
hoccer;Hoccer (set 1);1983;Eastern Micro Electronics, Inc.;256;224
hopprobo;Hopper Robo;1983;Sega;256;224
horekid;Kid no Hore Hore Daisakusen;1987;Nichibutsu;256;224
horshoes;American Horseshoes (US);1990;Taito America Corporation;320;224
hotdogst;Hotdog Storm (International);1996;Marble;384;240
hotpinbl;Hot Pinball;1995;Comad & New Japan System;512;224
hotshock;Hot Shocker;1982;E.G. Felaco (Domino license);256;224
hotsmash;Vs. Hot Smash;1987;Kaneko / Taito;256;224
hstennis;Hot Shots Tennis (V1.1);1990;Strata/Incredible Technologies;400;240
hunchbak;Hunchback (set 1);1983;Century Electronics;240;248
huncholy;Hunchback Olympic;1984;Century Electronics / Seatongrove Ltd;240;248
hustler;Video Hustler;1981;Konami;256;224
hwrace;High Way Race;1983;Taito Corporation;256;224
hyhoo;Hayaoshi Taisen Quiz Hyhoo (Japan);1987;Nichibutsu;512;224
hyhoo2;Hayaoshi Taisen Quiz Hyhoo 2 (Japan);1987;Nichibutsu;512;224
ibara;Ibara (2005/03/22 MASTER VER..);2005;Cave (AMI license);320;240
ibarablk;Ibara Kuro Black Label (2006/02/06. MASTER VER.);2006;Cave (AMI license);320;240
igmo;IGMO;1984;Epos Corporation;272;236
ikari;Ikari Warriors (US JAMMA);1986;SNK;288;216
imago;Imago (cocktail set);1984;Acom;256;224
imgfight;Image Fight (World, revision A);1988;Irem;384;256
imolagp;Imola Grand Prix (set 1);1983?;RB Bologna;208;240
indianbt;Indian Battle;1980;Taito;260;224
indy800;Indy 800 [TTL];1975;Atari/Kee;858;525
intrepid;Intrepid (set 1);1983;Nova Games Ltd.;256;224
invad2ct;Space Invaders II (Midway, cocktail);1980;Midway;260;224
invaders;Space Invaders / Space Invaders M;1978;Taito / Midway;260;224
invadpt2;Space Invaders Part II (Taito);1979;Taito;260;224
invds;Invinco / Deep Scan;1979;Sega;256;224
invho2;Invinco / Head On 2;1979;Sega;256;224
invinco;Invinco;1979;Sega;256;224
invmulti;Space Invaders Multigame (M8.03D);2002;hack (Braze Technologies);260;224
invqix;Space Invaders / Qix Silver Anniversary Edition (Ver. 2.03);2003;Taito / Namco;257;241
invrvnge;Invader's Revenge (set 1);1980?;Zenitone-Microsec Ltd.;260;224
ipminvad;IPM Invader;1979;IPM;240;224
ixion;Ixion (prototype);1983;Sega;256;224
jack;Jack the Giantkiller (set 1);1982;Hara Industries (Cinematronics license);256;224
jackal;Jackal (World, 8-way Joystick);1986;Konami;240;224
jackrabt;Jack Rabbit (set 1);1984;Zaccaria;256;224
jantotsu;4nin-uchi Mahjong Jantotsu;1983;Sanritsu;256;224
jcross;Jumping Cross (set 1);1984;SNK;288;216
jin;Jin;1982;Falcon;316;240
jjack;Jumping Jack;1984;Universal;240;192
joinem;Joinem;1983;Global Corporation;256;224
jollyjgr;Jolly Jogger;1982;Taito Corporation;256;224
jongbou;Mahjong Block Jongbou (Japan);1987;SNK;256;224
josvolly;Joshi Volleyball;1983;Allumer / Taito Corporation;256;224
journey;Journey;1983;Bally Midway;512;480
joust2;Joust 2 - Survival of the Fittest (revision 2);1986;Williams;276;240
joyfulr;Joyful Road (Japan);1983;SNK;320;240
jrpacman;Jr. Pac-Man (11/9/83);1983;Bally Midway;288;224
jumpbug;Jump Bug;1981;Hoei (Rock-Ola license);768;224
jumpcoas;Jump Coaster;1983;Kaneko;256;224
jumpkun;Jump Kun (prototype);1984;Kaneko;256;224
jumpshot;Jump Shot;1985;Bally Midway;288;224
jungler;Jungler;1981;Konami;288;224
junofrst;Juno First;1983;Konami;256;224
kageki;Kageki (World);1988;Kaneko / Taito Corporation;256;224
kaitei;Kaitei Takara Sagashi;1980;K.K. Tokki;272;224
kamikaze;Kamikaze;1980;Leijac Corporation;256;224
kamikcab;Kamikaze Cabbie;1984;Data East Corporation;256;240
kangaroo;Kangaroo;1982;Sun Electronics;512;240
kaos;Kaos;1981;Game Plan;256;256
kas89;Kasino '89;1989;SFC S.R.L.;543;465
kbm;Keyboardmania;2000;Konami;640;480
kbm;Keyboardmania;2000;Konami;640;480
kbm2nd;Keyboardmania 2nd Mix;2000;Konami;640;480
kbm2nd;Keyboardmania 2nd Mix;2000;Konami;640;480
kbm3rd;Keyboardmania 3rd Mix;2001;Konami;640;480
kbm3rd;Keyboardmania 3rd Mix;2001;Konami;640;480
kchamp;Karate Champ (US);1984;Data East USA;256;224
ket;Ketsui: Kizuna Jigoku Tachi (2003/01/01. Master Ver.);2002;Cave (AMI license);448;224
kick;Kick (upright);1981;Midway;512;480
kicker;Kicker;1985;Konami;256;224
kikikai;KiKi KaiKai;1986;Taito Corporation;256;224
kingball;King & Balloon (US);1980;Namco;768;224
kingdmgp;Kingdom Grandprix;1994;Raizing / Eighting;320;240
kingofb;King of Boxer (World);1985;Wood Place Inc.;256;224
koikoi;Koi Koi Part 2;1982;Kiwako;256;256
kong;Kong (Donkey Kong conversion on Galaxian hardware);198?;Taito do Brasil;768;224
kopunch;KO Punch;1981;Sega;256;208
krull;Krull;1983;Gottlieb;256;240
krzybowl;Krazy Bowl;1994;American Sammy;304;240
kyros;Kyros;1987;Alpha Denshi Co. (World Games Inc. license);256;224
ladybug;Lady Bug;1981;Universal;240;192
ladyfrog;Lady Frog;1990;Mondial Games;256;224
ladykill;Lady Killer;1993;Yanyaka (Mitchell license);320;240
ladymstr;Lady Master of Kung Fu (set 1, newer);1985;Kaneko / Taito;256;224
lagunar;Laguna Racer;1977;Midway;260;224
lasso;Lasso;1982;SNK;256;224
lastday;The Last Day (set 1);1990;Dooyong;384;240
lastduel;Last Duel (US New Ver.);1988;Capcom;384;240
lastmisn;Last Mission (US revision 6);1986;Data East USA;256;240
leds2011;Led Storm Rally 2011 (World);1988;Capcom;384;240
legion;Legion - Spinner-87 (World ver 2.03);1987;Nichibutsu;288;224
lethalth;Lethal Thunder (World);1991;Irem;320;240
levers;Levers;1983;Rock-Ola;768;224
lgtnfght;Lightning Fighters (World);1990;Konami;320;224
liberate;Liberation;1984;Data East Corporation;256;240
lizwiz;Lizard Wizard;1985;Techstar (Sunn license);288;224
lnc;Lock'n'Chase;1981;Data East Corporation;240;240
locomotn;Loco-Motion;1982;Konami (Centuri license);256;224
logger;Logger (Rev.3);1982;Century Electronics;240;248
looping;Looping;1982;Video Games GmbH;256;224
losttomb;Lost Tomb (easy);1982;Stern Electronics;768;224
loverboy;Lover Boy;1983;G.T Enterprise Inc;256;224
lrescue;Lunar Rescue;1979;Taito;260;224
lsasquad;Land Sea Air Squad / Riku Kai Kuu Saizensen;1986;Taito;256;224
luckyrlt;Lucky Roulette Plus (6-players, Spanish);1990;<unknown>;256;232
luctoday;Lucky Today;1980;Sigma;768;224
lupin3;Lupin III (set 1);1980;Taito;260;224
lwings;Legendary Wings (US set 1);1986;Capcom;256;240
m660;Mission 660 (US);1986;Wood Place Inc. (Taito America Corporation license);256;224
machomou;Macho Mouse;1982;Techstar;256;224
macross;Super Spacefortress Macross / Chou-Jikuu Yousai Macross;1992;Banpresto;256;224
macrossp;Macross Plus;1996;MOSS / Banpresto;384;240
madalien;Mad Alien (set 1);1980;Data East Corporation;256;256
madgear;Mad Gear (US);1989;Capcom;384;240
madshark;Mad Shark;1993;Allumer;384;224
magspot;Magical Spot;1980;Universal;256;192
magspot2;Magical Spot II;1980;Universal;256;192
maniach;Mania Challenge (set 1);1986;Technos Japan (Taito America license);256;240
manybloc;Many Block;1991;Bee-Oh;256;240
mappy;Mappy (US);1983;Namco;288;224
marinedt;Marine Date;1981;Taito;256;224
mariner;Mariner;1981;Amenip;256;224
mars;Mars;1981;Artic;256;224
marvins;Marvin's Maze;1983;SNK;288;216
masterw;Master of Weapon (World);1989;Taito Corporation Japan;320;224
matmania;Mat Mania;1985;Technos Japan (Taito America license);256;240
mazeinv;Maze Invaders (prototype);1981;Atari;256;240
mazinger;Mazinger Z (World);1994;Banpresto / Dynamic Pl. Toei Animation;384;240
megadon;Megadon;1982;Epos Corporation (Photar Industries license);272;236
megazone;Mega Zone (program code L);1983;Konami;288;224
mercs;Mercs (World 900302);1990;Capcom;384;224
merlinmm;Merlins Money Maze;1986;Zilec-Zenitone;256;224
metafox;Meta Fox;1989;Seta;384;224
metlfrzr;Metal Freezer (Japan);1989;Seibu Kaihatsu;256;224
metlhawk;Metal Hawk (Rev C);1988;Namco;288;224
mgolf;Atari Mini Golf (prototype);1978;Atari;256;224
mightguy;Mighty Guy;1986;Nichibutsu;256;224
mikie;Mikie;1984;Konami;256;224
milliped;Millipede;1982;Atari;256;240
mimonkey;Mighty Monkey;1982;Universal Video Games;256;224
minefld;Minefield;1983;Stern Electronics;256;224
mirax;Mirax (set 1);1985;Current Technologies;256;240
misncrft;Mission Craft (version 2.7);2000;Sun;320;236
mjleague;Major League;1985;Sega;320;224
mmagic;Monkey Magic;1979;Nintendo;256;192
mmonkey;Minky Monkey;1982;Technos Japan / Roller Tron;240;240
mmpork;Muchi Muchi Pork! (2007/ 4/17 MASTER VER.);2007;Cave (AMI license);320;240
mofflott;Maze of Flott (Japan);1989;Taito Corporation;320;240
moguchan;Mogu Chan (bootleg?);1982;Orca (Eastern Commerce Inc. license);256;224
monsterb;Monster Bash;1982;Sega;256;224
montecar;Monte Carlo;1979;Atari;320;240
monymony;Money Money (set 1);1983;Zaccaria;256;224
monzagp;Monza GP;1981;Olympia;256;256
moonal2;Moon Alien Part 2;1980;Namco / Nichibutsu;768;224
mooncrst;Moon Cresta (Nichibutsu);1980;Nichibutsu;768;224
moonqsr;Moon Quasar;1980;Nichibutsu;768;224
moonwar;Moonwar;1981;Stern Electronics;768;224
motos;Motos;1985;Namco;288;224
mouser;Mouser;1983;UPL;256;224
mplanets;Mad Planets;1983;Gottlieb;256;240
mrdo;Mr. Do!;1982;Universal;240;192
mrflea;The Amazing Adventures of Mr. F. Lea;1982;Pacific Novelty;256;248
mrjong;Mr. Jong (Japan);1983;Kiwako;240;224
mrkougar;Mr. Kougar;1984;ATW;256;224
mrtnt;Mr. TNT;1983;Techstar (Telko license);288;224
mrviking;Mister Viking (315-5041);1984;Sega;479;224
msisaac;Metal Soldier Isaac II;1985;Taito Corporation;256;240
msjiken;Mahjong Satsujin Jiken (Japan 881017);1988;Nichibutsu;512;224
mspacman;Ms. Pac-Man;1981;Midway / General Computer Corporation;288;224
mspuzzle;Miss Puzzle;1994;Min Corp.;320;224
multiped;Multipede (Centipede/Millipede multigame kit);2002;hack (Braze Technologies);256;240
mushisam;Mushihime-Sama (2004/10/12.MASTER VER.);2004;Cave (AMI license);320;240
musicbal;Music Ball;1988;Tecfri / Desystem S.A.;256;224
mustache;Mustache Boy (Japan);1987;Seibu Kaihatsu (March license);240;248
mv1sfx;Special Effects (Maygay, MV1 Video, set 1);199?;Maygay;640;300
mv1sfx2;Special Effects V2 (Maygay, MV1 Video);199?;Maygay;640;300
mx5000;MX5000;1987;Konami;280;224
mystston;Mysterious Stones - Dr. John's Adventure;1984;Technos Japan;256;240
naughtyb;Naughty Boy;1982;Jaleco;288;224
navarone;Navarone;1980;Namco;272;224
ncv1;Namco Classic Collection Vol.1;1995;Namco;288;224
ncv2;Namco Classic Collection Vol.2;1996;Namco;288;224
nebulray;Nebulas Ray (World, NR2);1994;Namco;288;224
neobattl;SD Gundam Neo Battling (Japan);1992;Banpresto / Sotsu Agency. Sunrise;384;240
netwars;Net Wars;1983;Orca (Esco Trading Co license);256;224
newfant;New Fantasia (1995 copyright);1995;Comad & New Japan System;256;224
newsin7;New Sinbad 7 (set 1);1983;ATW USA, Inc.;256;224
nibbler;Nibbler (rev 9);1982;Rock-Ola;256;224
ninjemak;Ninja Emaki (US);1986;Nichibutsu;256;224
nitrobal;Nitro Ball (World, set 1);1992;Data East Corporation;320;240
nmouse;Naughty Mouse (set 1);1981;Amenip (Palcom Queen River);288;224
noahsark;Noah's Ark;1983;Enter-Tech, Ltd.;240;224
nob;Noboranka (Japan);1986;Coreland / Data East Corporation;512;224
nomnlnd;No Man's Land;1980;Universal;256;192
nost;Nostradamus;1993;Face;320;224
nsub;N-Sub (upright);1980;Sega;256;224
numcrash;Number Crash;1983;Hanshin Goraku / Peni;288;224
nyny;New York! New York!;1980;Sigma Enterprises Inc.;256;256
ohpaipee;Oh! Paipee (Japan 890227);1989;Nichibutsu;512;240
olibochu;Oli-Boo-Chu;1981;Irem / GDI;256;240
omega;Omega;1986;Nihon System;256;224
omegaf;Omega Fighter;1989;UPL;256;192
orbitron;Orbitron;1982;Comsoft (Signatron USA license);768;224
outzone;Out Zone;1990;Toaplan;320;240
overdriv;Over Drive (set 1);1990;Konami;305;224
ozmawars;Ozma Wars (set 1);1979;SNK;260;224
ozon1;Ozon I;1983;Proma;256;224
pachifev;Pachifever;1983;Sanki Denshi Kogyo;280;216
packbang;Pack'n Bang Bang (prototype);1994;Kaneko;256;224
pacmania;Pac-Mania;1987;Namco;288;224
pacnpal;Pac & Pal;1983;Namco;288;224
pacplus;Pac-Man Plus;1982;Namco (Midway license);288;224
paddlema;Paddle Mania;1988;SNK;256;224
pairlove;Pairs Love;1991;Athena;384;240
pandoras;Pandora's Palace;1984;Konami / Interlogic;256;224
panic;Space Panic (version E);1980;Universal;256;192
panicr;Panic Road (Japan);1986;Seibu Kaihatsu (Taito license);256;224
panther;Panther;1981;Irem;256;240
paprazzi;Paparazzi;1996;Yun Sung;380;224
para2dx;Paradise 2 Deluxe;199?;Yun Sung;256;224
paradise;Paradise (set 1);1994;Yun Sung;256;224
paradlx;Paradise Deluxe;199?;Yun Sung;256;224
passsht;Passing Shot (World, 2 Players) (FD1094 317-0080);1988;Sega;320;224
pbaction;Pinball Action (set 1);1985;Tehkan;256;224
pballoon;Pioneer Balloon;1982;SNK;256;224
peggle;Peggle (Joystick, v1.0);1991;Strata/Incredible Technologies;400;240
pengo;Pengo (set 1 rev c);1982;Sega;288;224
percuss;The Percussor;1981;Orca;256;224
perestro;Perestroika Girls;1994;Promat;256;224
perfrman;Performan (Japan);1985;Toaplan / Data East Corporation;256;240
phelios;Phelios;1988;Namco;288;224
phoenix;Phoenix (Amstar, set 1);1980;Amstar;256;208
phozon;Phozon (Japan);1983;Namco;288;224
pickin;Pickin';1983;Valadon Automation;256;224
pignewt;Pig Newton (version C);1983;Sega;256;224
pinbo;Pinbo (set 1);1984;Jaleco;256;224
pinkswts;Pink Sweets: Ibara Sorekara (2006/04/06 MASTER VER....);2006;Cave (AMI license);320;240
piratesh;Pirate Ship (ver UAA);1995;Konami;288;224
pisces;Pisces;19??;Subelectro;768;224
pitnrun;Pit & Run - F-1 Race (set 1);1984;Taito Corporation;256;224
playball;PlayBall! (prototype);1983;Williams;292;232
pleiads;Pleiads (Tehkan);1981;Tehkan;256;208
plgirls;Play Girls;1992;Hot-B Co., Ltd.;320;224
plgirls2;Play Girls 2;1993;Hot-B Co., Ltd.;320;224
plusalph;Plus Alpha;1989;Jaleco;256;224
plygonet;Polygonet Commanders (ver UAA);1993;Konami;368;256
pntnpuzl;Paint 'N Puzzle;1993;Century Vending;640;480
pokrdice;Poker Dice;1991;Strata/Incredible Technologies;256;240
polaris;Polaris (Latest version);1980;Taito;260;224
pollux;Pollux (set 1);1991;Dooyong;384;240
polynetw;Poly-Net Warriors (ver JAA);1993;Konami;368;256
pooyan;Pooyan;1982;Konami;256;224
popflame;Pop Flamer (protected);1982;Jaleco;288;224
popper;Popper;1983;Omori;280;224
porky;Porky;1985;Shinkai Inc. (Magic Electronics Inc. license);256;224
portrait;Portraits (set 1);1983;Olympia;432;320
poundfor;Pound for Pound (World);1990;Irem;384;256
ppking;Ping-Pong King;1985;Taito America Corporation;256;224
pprobe;Planet Probe (prototype?);1985;Crux / Kyugo?;256;224
progolf;18 Holes Pro Golf (set 1);1981;Data East Corporation;256;256
progress;Progress;1984;Chuo Co. Ltd;256;224
promutrv;Progressive Music Trivia (Question set 1);1985;Enerdyne Technologies Inc.;256;224
prosoccr;Pro Soccer;1983;Data East Corporation;240;256
prosport;Pro Sports - Bowling, Tennis, and Golf;1983;Data East Corporation;256;240
protennb;Tennis (bootleg of Pro Tennis);1982;bootleg;240;240
prtytime;Party Time: Gonta the Diver II / Ganbare! Gonta!! 2 (World Release);1995;Mitchell;320;240
psurge;Power Surge;1988;Vision Electronics;256;224
psychic5;Psychic 5 (World);1987;Jaleco / NMK;256;224
pturn;Parallel Turn;1984;Jaleco;256;224
puckman;Puck Man (Japan set 1);1980;Namco;288;224
pulsar;Pulsar;1981;Sega;256;224
pushover;Push Over (Summit Coin);1981;Summit Coin;256;224
puzlclub;Puzzle Club (Japan prototype);1990;Namco;288;224
pwrflip;Power Flipper Pinball Shooting v1.33;1994;Excellent System;320;224
pzlestar;Puzzle Star (Sang Ho Soft);1991;Sang Ho Soft;543;465
qbert;Q*bert (US set 1);1982;Gottlieb;256;240
qbertqub;Q*bert's Qubes;1983;Mylstar;256;240
qix;Qix (Rev 2);1981;Taito America Corporation;256;256
quantum;Quantum (rev 2);1982;General Computer Corporation (Atari license);;
quarterb;Quarterback (rev 5);1987;Leland Corporation;320;240
quasar;Quasar (set 1);1980;Zaccaria / Zelco;223;240
quester;Quester (Japan);1987;Namco;288;224
quizpun;Quiz Punch;1988;Space Computer;384;256
quizpun2;Quiz Punch II;1989;Space Computer;384;256
qwak;Qwak (prototype);1982;Atari;256;240
r2dtank;R2D Tank;1980;Sigma Enterprises Inc.;256;256
r2dx_v33;Raiden II New / Raiden DX (newer V33 PCB) (Raiden DX EEPROM);1996;Seibu Kaihatsu;320;240
raaspec;Spectrum I+;1984;Roy Abel & Associates;;
rackemup;Rack 'em Up (program code L);1987;Konami;256;224
radarscp;Radar Scope;1980;Nintendo;256;224
radarzon;Radar Zone;1982;Century Electronics;240;248
raflesia;Rafflesia (315-5162);1986;Coreland / Sega;512;224
raiden;Raiden (set 1);1990;Seibu Kaihatsu;256;224
raiden2;Raiden II (US, set 1);1993;Seibu Kaihatsu (Fabtek license);320;240
raidendx;Raiden DX (UK);1994;Seibu Kaihatsu;320;240
raiders;Raiders;1983;Century Electronics;240;248
rallybik;Rally Bike / Dash Yarou;1988;Toaplan / Taito Corporation;320;240
razmataz;Razzmatazz;1983;Sega;256;224
rcasino;Royal Casino (D-2608208A1-2);1984;Dyna Electronics;256;224
rcirulet;Ruleta RCI (6-players, Spanish);199?;Entretenimientos GEMINIS;256;248
rcorsair;Red Corsair;1984;Nakasawa;256;256
rdft;Raiden Fighters (Germany);1996;Seibu Kaihatsu (Tuning license);320;240
rdft2;Raiden Fighters 2 - Operation Hell Dive (Germany);1997;Seibu Kaihatsu (Tuning license);320;240
re800v1;Ruleta RE-800 (v1.0);1991;Entretenimientos GEMINIS;256;248
re800v3;Ruleta RE-800 (v3.0);1991;Entretenimientos GEMINIS;256;248
re900;Ruleta RE-900;1993;Entretenimientos GEMINIS;280;216
reaktor;Reaktor (Track & Field conversion);1987;Zilec;256;224
redalert;Red Alert;1981;Irem (GDI license);256;240
redclash;Red Clash (set 1);1981;Tehkan;240;192
redlin2p;Redline Racer (2 players);1987;Cinematronics (Tradewest license);320;240
redrobin;Red Robin;1986;Elettronolo;256;224
redufo;Defend the Terra Attack on the Red UFO;1981;Artic;768;224
regulus;Regulus (315-5033, Rev A.);1983;Sega;512;224
repulse;Repulse;1985;Crux / Sega;288;224
rescue;Rescue;1982;Stern Electronics;256;224
retofinv;Return of the Invaders;1985;Taito Corporation;288;224
revngr84;Revenger '84 (newer);1984;Epos Corporation;272;236
rfjet;Raiden Fighters Jet (Germany);1998;Seibu Kaihatsu (Tuning license);320;240
ridleofp;Riddle of Pythagoras (Japan);1986;Sega / Nasco;256;192
roadf;Road Fighter (set 1);1984;Konami;256;224
rockduck;Rock Duck (prototype?);1983;Datel SAS;240;240
rockn;Rock'n Tread (Japan);1999;Jaleco;320;224
rockn2;Rock'n Tread 2 (Japan);1999;Jaleco;320;224
rockn3;Rock'n 3 (Japan);1999;Jaleco;320;224
rockn4;Rock'n 4 (Japan, prototype);2000;Jaleco / PCCWJ;320;224
rocktrv2;MTV Rock-N-Roll Trivia (Part 2);1986;Triumph Software Inc.;288;224
rocnrope;Roc'n Rope;1983;Konami;256;224
rollingc;Rolling Crash / Moon Base;1979;Nichibutsu;260;224
rompers;Rompers (Japan, new version (Rev B));1989;Namco;288;224
ron2;Ron II Mah-Jongg;1981;Sanritsu;256;240
rotaryf;Rotary Fighter;1979;Kasco;232;256
roundup;Round-Up;1981;Taito Corporation (Amenip/Centuri license);256;224
route16;Route 16 (set 1);1981;Tehkan / Sun Electronics (Centuri license);256;256
rshark;R-Shark;1995;Dooyong;384;240
rtriv;Romar Triv;198?;Romar;256;224
rumba;Rumba Lumber;1984;Taito;256;224
ryujin;Ryu Jin (Japan);1993;Taito Corporation;320;224
s1945;Strikers 1945 (World);1995;Psikyo;320;224
s1945ii;Strikers 1945 II;1997;Psikyo;320;224
s1945iii;Strikers 1945 III (World) / Strikers 1999 (Japan);1999;Psikyo;320;224
safarir;Safari Rally (World);1979;SNK (Taito license);256;208
samurai;Samurai;1980;Sega;256;224
samuraia;Samurai Aces (World);1993;Psikyo;320;224
sandscrp;Sand Scorpion;1992;Face;256;224
sasuke;Sasuke vs. Commander;1980;SNK;256;224
satansat;Satan of Saturn (set 1);1981;SNK;256;224
saturnzi;Saturn;1983;Zilec Electronics / Jaleco;256;224
sbagman;Super Bagman;1984;Valadon Automation;256;224
sbasketb;Super Basketball (version I, encrypted);1984;Konami;256;224
sbomber;Space Bomber (ver. B);1998;Psikyo;320;224
sbowling;Strike Bowling;1982;Taito Corporation;240;224
sbrkout;Super Breakout (rev 04);1978;Atari;256;224
sbugger;Space Bugger (set 1);1981;Game-A-Tron;512;256
schaser;Space Chaser (set 1);1979;Taito;260;224
scobra;Super Cobra;1981;Konami;768;224
scontra;Super Contra;1988;Konami;320;224
scorpion;Scorpion (set 1);1982;Zaccaria;768;224
scotrsht;Scooter Shooter;1985;Konami;256;224
scramble;Scramble;1981;Konami;768;224
scregg;Scrambled Egg;1983;Technos Japan;240;240
scudhamm;Scud Hammer;1994;Jaleco;256;224
scyclone;Space Cyclone;1980;Taito Corporation;256;224
sdtennis;Super Doubles Tennis;1983;Data East Corporation;256;240
sdungeon;Space Dungeon;1981;Taito America Corporation;256;256
searchar;SAR - Search And Rescue (World);1989;SNK;256;224
seicross;Seicross;1984;Nichibutsu / Alice;256;224
senjyo;Senjyo;1983;Tehkan;256;224
setaroul;The Roulette (Visco);1989?;Visco;384;240
sexyboom;Sexy Boom;1992;Sang Ho Soft;543;465
sfkick;Super Free Kick (set 1);1988;Haesung/HJ Corp;543;465
sflush;Straight Flush;1979;Taito;260;224
sheriff;Sheriff;1979;Nintendo;256;224
shollow;Satan's Hollow (set 1);1981;Bally Midway;512;480
shootbul;Shoot the Bull;1985;Bally Midway;288;224
shtrider;Shot Rider;1985;Seibu Kaihatsu;240;256
shuffle;Shuffleboard;1978;Midway;260;224
shuttlei;Shuttle Invader;1979;Omori Electric Co., Ltd.;256;192
sidampkr;unknown Sidam Poker;1984;Sidam;256;256
sidewndr;Sidewinder;1981?;ACE;512;256
silvmil;Silver Millennium;1995;Para;320;240
sindbadm;Sindbad Mystery;1983;Sega;256;224
sinistar;Sinistar (revision 3);1982;Williams;292;240
skullfng;Skull Fang (Europe 1.13);1996;Data East Corporation;320;240
skyadvnt;Sky Adventure (World);1989;Alpha Denshi Co.;256;224
skyalert;Sky Alert;1992;Metro;360;224
skyarmy;Sky Army;1982;Shoei;256;240
skybase;Sky Base;1982;Omori Electric Co., Ltd.;768;224
skybump;Sky Bumper;1982;Venture Line;256;224
skychut;Sky Chuter;1980;Irem;240;224
skyfox;Sky Fox;1987;Jaleco (Nichibutsu USA license);320;224
skylancr;Sky Lancer;1983;Orca;236;224
skylove;Sky Love;1979;Omori Electric Co., Ltd.;256;192
skysmash;Sky Smasher;1990;Nihon System;256;224
skysoldr;Sky Soldiers (US);1988;Alpha Denshi Co. (SNK of America/Romstar license);256;224
slikshot;Slick Shot (V2.2);1990;Grand Products/Incredible Technologies;256;240
slither;Slither (set 1);1982;Century II;256;256
solarfox;Solar Fox (upright);1981;Bally Midway;512;480
solarwar;Solar War;1979;Atari;304;256
sonicbom;Sonic Boom (FD1094 317-0053);1987;Sega;320;224
sos;SOS;1980;Namco;272;224
spacbeam;Space Beam;1979;Irem;256;224
spacecr;Space Cruiser;1981;Taito Corporation;256;224
spacefb;Space Firebird (rev. 04-u);1980;Nintendo;512;224
spacefev;Space Fever (New Ver.);1979;Nintendo;256;224
spacefrt;Space Fortress (CVS);1981;Century Electronics;240;248
spaceg;Space Guerrilla;1979;Omori Electric Co., Ltd.;256;224
spaceint;Space Intruder;1980;Shoei;256;240
spacelnc;Space Launcher;1979;Nintendo;256;224
spaceod;Space Odyssey (version 2);1981;Sega;256;224
spacetrk;Space Trek (upright);1980;Sega;256;224
spbactn;Super Pinball Action (US);1991;Tecmo;512;224
spcforce;Space Force (set 1);1980;Venture Line;256;224
spcfrcii;Special Forces II;1985;Senko Industries (Magic Electronics Inc. license);256;224
spcinv95;Space Invaders '95: The Attack Of Lunar Loonies (Ver 2.5O 1995/06/14);1995;Taito Corporation Japan;320;224
spcking2;Space King 2;1979;Konami;256;224
spclaser;Space Laser;1980;Taito;260;224
spclforc;Special Forces;1985;Senko Industries (Magic Electronics Inc. license);256;224
spcpostn;Space Position (Japan);1986;Sega / Nasco;256;240
spcwarp;Space Warp? (Cosmos conversion on Galaxian hardware);1983;Century Electronics;256;224
spdcoin;Speed Coin (prototype);1984;Stern Electronics;768;224
speakres;Speak & Rescue;1980;Sun Electronics;256;256
spec2k;Spectrum 2000 (vertical);2000;Yona Tech;256;224
speedbal;Speed Ball;1987;Tecfri / Desystem S.A.;256;224
spellbnd;Spellbound;1981?;ACE;512;256
spfghmk2;Space Fighter Mark II (set 1);1979;Data East;256;256
spiders;Spiders (set 1);1981;Sigma Enterprises Inc.;256;256
springer;Springer;1982;Orca;256;224
spyhunt;Spy Hunter;1983;Bally Midway;480;480
sqbert;Faster, Harder, More Challenging Q*bert (prototype);1983;Mylstar;256;240
sqix;Super Qix (World/Japan, V1.2);1987;Kaneko / Taito;256;224
sraider;Space Raider;1982;Universal;240;192
srdarwin;Super Real Darwin (World);1987;Data East Corporation;256;240
srdmissn;S.R.D. Mission;1986;Kyugo / Taito Corporation;288;224
srumbler;The Speed Rumbler (set 1);1986;Capcom;352;240
ssi;Super Space Invaders '91 (World, Rev 1);1990;Taito Corporation Japan;320;224
ssingles;Swinging Singles (US);1983;Yachiyo Denki (Entertainment Enterprises, Ltd. license);256;256
ssmissin;S.S. Mission;1992;Comad;256;224
ssozumo;Syusse Oozumou (Japan);1984;Technos Japan;256;240
sspacaho;Space Attack / Head On;1979;Sega;256;224
sspaceat;Space Attack (upright set 1);1979;Sega;256;224
sspeedr;Super Speed Race;1979;Midway;376;248
sspirits;Scramble Spirits (World, Floppy Based);1988;Sega;496;384
ssrj;Super Speed Race Junior (Japan);1985;Taito Corporation;272;240
sstingry;Super Stingray (Japan);1986;Alpha Denshi Co.;256;224
sstrangr;Space Stranger;1978;Yachiyo Electronics, Ltd.;256;224
sstrike;Super Strike Bowling (V1);1990;Strata/Incredible Technologies;256;240
sstriker;Sorcer Striker;1993;Raizing;320;240
stagger1;Stagger I (Japan);1998;Afega;256;224
starfigh;Star Fighter (v1);1990;SunA;256;224
starforc;Star Force;1984;Tehkan;256;224
starjack;Star Jacker (Sega);1983;Sega;479;224
starspnr;Starspinner (Dutch/Nederlands);1982?;ACE;512;256
stg;Strike Gunner S.T.G;1991;Athena / Tecmo;384;240
stinger;Stinger;1983;Seibu Denshi;256;224
stmblade;Storm Blade (US);1996;Visco;352;240
stratab;Strata Bowling (V3);1990;Strata/Incredible Technologies;256;240
streakng;Streaking (set 1);1980;Shoei;768;224
striv;Super Triv (English questions);1985;Nova du Canada;256;224
strtheat;Street Heat;1985;Epos Corporation;256;224
strvmstr;Super Trivia Master;1986;Enerdyne Technologies Inc.;256;224
stuntair;Stunt Air;1983;Nuova Videotron;256;224
sub;Submarine (Sigma);1985;Sigma Enterprises Inc.;256;224
sucasino;Super Casino;1984;Data Amusement;256;224
sundance;Sundance;1979;Cinematronics;;
supdrapo;Super Draw Poker (set 1);1983;Valadon Automation (Stern Electronics license);256;256
superabc;Super ABC (Pac-Man multigame kit, Sep. 03 1999);1999;hack (Two-Bit Score);288;224
superbik;Superbike;1983;Century Electronics;240;248
superbon;Agent Super Bond (Super Cobra conversion);1985;Signatron USA;768;224
superbug;Super Bug;1977;Atari (Kee Games);320;240
superpac;Super Pac-Man;1982;Namco;288;224
supertnk;Super Tank;1981;Video Games GmbH;256;256
superwng;Super Wing;1985;Wing;256;224
superx;Super-X (NTC);1994;Dooyong (NTC license);384;240
supmodel;Super Model;1994;Comad & New Japan System;256;224
suprglob;Super Glob;1983;Epos Corporation;272;236
suprmous;Super Mouse;1982;Taito Corporation;256;224
suprridr;Super Rider;1983;Taito Corporation (Venture Line license);256;224
suprstar;Super Stars;1996;Amatic Trading GmbH;512;256
survival;Survival;1982;Rock-Ola;256;208
swat;SWAT (315-5048);1984;Coreland / Sega;512;224
szaxxon;Super Zaxxon (315-5013);1982;Sega;256;224
tacscan;Tac/Scan;1982;Sega;;
tactcian;Tactician (set 1);1982;Konami (Sega license);288;224
tail2nos;Tail to Nose - Great Championship;1989;V-System Co.;320;240
talbot;Talbot;1982;Alpha Denshi Co. (Volt Electronics license);256;224
tankbatt;Tank Battalion;1980;Namco;256;224
tankbust;Tank Busters;1985;Valadon Automation;320;240
tattack;Time Attacker;1983?;Shonan;200;232
taxidriv;Taxi Driver;1984;Graphic Techno;256;208
tazmania;Tazz-Mania (set 1);1982;Stern Electronics;768;224
tcobra2;Twin Cobra II (Ver 2.1O 1995/11/30);1995;Taito Corporation Japan;320;232
tdfever;TouchDown Fever (US);1987;SNK;400;224
tdpgal;Triple Draw Poker;1983;Design Labs / Thomas Automatics;768;224
tdragon;Thunder Dragon (8th Jan. 1992, unprotected);1991;NMK (Tecmo license);256;224
tdragon2;Thunder Dragon 2 (9th Nov. 1993);1993;NMK;384;224
teamqb;John Elway's Team Quarterback (rev 3);1988;Leland Corporation;320;240
teedoff;Tee'd Off (Japan);1986;Tecmo;256;224
telmahjn;Telephone Mahjong (Japan 890111);1988;Nichibutsu;512;240
telpacfl;TelePachi Fever Lion (V1.0);1996;Sunsoft;384;240
tempest;Tempest (rev 3, Revised Hardware);1980;Atari;;
tenkomor;Tenkomori Shooting (World, TKM2/VER.A1);1998;Namco;640;480
tenspot;Ten Spot;1982;Thomas Automatics;768;224
terracre;Terra Cresta (YM3526 set 1);1985;Nichibutsu;256;224
tharrier;Task Force Harrier;1989;UPL;256;224
thedeep;The Deep (Japan);1987;Wood Place Inc.;256;248
theend;The End;1980;Konami;768;224
thehand;The Hand;1981;T.I.C.;288;224
thepit;The Pit;1982;Zilec Electronics;256;224
thunderl;Thunder & Lightning;1990;Seta;384;240
tigerh;Tiger Heli (US);1985;Toaplan / Taito America Corp.;280;240
timefgtr;Time Fighter (Time Pilot conversion on Galaxian hardware);198?;Taito do Brasil;768;224
timelimt;Time Limit;1983;Chuo Co. Ltd;256;224
timeplt;Time Pilot;1982;Konami;256;224
timescan;Time Scanner (set 2, System 16B);1987;Sega;320;224
timesold;Time Soldiers (US Rev 3);1987;Alpha Denshi Co. (SNK/Romstar license);256;224
tinv2650;The Invaders;1979?;Zaccaria / Zelco;720;768
tisland;Treasure Island;1981;Data East Corporation;240;240
tndrcade;Thundercade / Twin Formation;1987;Seta (Taito license);384;224
tnextspc;The Next Space (set 1);1989;SNK;256;224
tnk3;T.N.K III (US);1985;SNK;288;216
todruaga;The Tower of Druaga (New Ver.);1984;Namco;288;224
tokio;Tokio / Scramble Formation (newer);1986;Taito Corporation;256;224
tokisens;Toki no Senshi - Chrono Soldier;1987;Sega;512;224
tomahawk;Tomahawk 777 (rev 5);1980;Data East;256;256
toobin;Toobin' (rev 3);1988;Atari Games;512;384
toprollr;Top Roller;1983;Jaleco;256;224
toratora;Tora Tora (prototype?);1980;Game Plan;256;240
torus;Torus;1996;Yun Sung;256;224
toucheme;Touche Me (set 1);19??;<unknown>;256;224
tp84;Time Pilot '84 (set 1);1984;Konami;256;224
tranqgun;Tranquillizer Gun;1980;Sega;256;224
travrusa;Traverse USA / Zippy Race;1983;Irem;240;256
tricktrp;Trick Trap (World?);1987;Konami;280;224
triplep;Triple Punch (set 1);1982;K.K. International;256;224
tripool;Tri-Pool (Casino Tech);1981;Noma (Casino Tech license);256;224
trisport;Tri-Sports;1989;Bally Midway;512;480
tron;Tron (8/9);1982;Bally Midway;512;480
truxton;Truxton / Tatsujin;1988;Toaplan / Taito Corporation;320;240
truxton2;Truxton II / Tatsujin Oh;1992;Toaplan;320;240
trvchlng;Trivia Challenge;1985;Joyland (Senko license);256;224
trvmstr;Trivia Master (set 1);1985;Enerdyne Technologies Inc.;288;224
trvquest;Trivia Quest;1984;Sunn / Techstar;256;256
trvwz2;Trivia ? Whiz (6221-05, Edition 2);1985;Merit;512;256
trvwz4;Trivia ? Whiz (6221-13, U5-0B Edition 4);1985;Merit;512;256
tryout;Pro Baseball Skill Tryout (Japan);1985;Data East Corporation;256;240
tsamurai;Samurai Nihon-Ichi (set 1);1985;Kaneko / Taito;256;224
tugboat;Tugboat;1982;Enter-Tech, Ltd.;240;224
tunhunt;Tunnel Hunt;1979;Atari;256;240
turbo;Turbo (program 1513-1515);1981;Sega;512;224
turbofrc;Turbo Force (World, set 1);1991;Video System Co.;352;240
turbotag;Turbo Tag (prototype);1985;Bally Midway;480;480
turtles;Turtles;1981;Konami (Stern Electronics license);768;224
tutankhm;Tutankham;1982;Konami;256;224
twinbee;TwinBee (ROM version);1985;Konami;256;224
twincobr;Twin Cobra (World);1987;Toaplan / Taito Corporation;320;240
twineag2;Twin Eagle II - The Rescue Mission;1994;Seta;336;240
twineagl;Twin Eagle - Revenge Joe's Brother;1988;Seta (Taito license);384;240
twinhawk;Twin Hawk (World);1989;Taito Corporation Japan;384;224
ultrax;Ultra X Weapons / Ultra Keibitai;1995;Banpresto / Tsuburaya Productions;336;240
unclepoo;Uncle Poo;1983;Diatec;256;240
uniwars;UniWar S;1980;Irem;768;224
unkhorse;unknown Japanese horse gambling game;1981?;<unknown>;256;240
upndown;Up'n Down (315-5030);1983;Sega;512;224
upyoural;Up Your Alley;1987;Cinematronics;320;240
usclssic;U.S. Classic;1989;Seta;384;240
valkyrie;Valkyrie No Densetsu (Japan);1989;Namco;288;224
valtric;Valtric;1986;NMK (Jaleco license);256;224
vandyke;Vandyke (Japan);1990;UPL;256;224
vangrd2;Vanguard II;1984;SNK;288;216
vanguard;Vanguard (SNK);1981;SNK;256;224
vanvan;Van-Van Car;1983;Sanritsu;256;224
vaportra;Vapor Trail - Hyper Offence Formation (World revision 1);1989;Data East Corporation;256;240
varth;Varth: Operation Thunderstorm (World 920714);1992;Capcom;384;224
vasara;Vasara;2000;Visco;336;240
vasara2;Vasara 2 (set 1);2001;Visco;336;240
vastar;Vastar (set 1);1983;Orca (Sesame Japan license);256;224
vectrex;Vectrex;1982;General Consumer Electronics;;
vega;Vega;1982;Olympia;281;240
victoryc;Victory (Comsoft);1982;Comsoft;768;224
victroad;Victory Road;1986;SNK;288;216
videopin;Video Pinball;1979;Atari;304;256
vimana;Vimana (World, set 1);1991;Toaplan;320;240
viprp1;Viper Phase 1 (New Version, World);1995;Seibu Kaihatsu;320;240
vmetal;Varia Metal;1995;Excellent System;304;224
volfied;Volfied (World, revision 1);1989;Taito Corporation Japan;320;240
vortex;Vortex;1980;Zilec Electronics;260;224
vroulet;Vegas Roulette;1989;World Game;256;224
vsgongf;VS Gong Fight;1984;Kaneko;256;224
vulgus;Vulgus (set 1);1984;Capcom;256;224
wallst;Wall Street;1982;Century Electronics;240;248
wanted;Wanted;1984;Sigma Enterprises Inc.;256;224
warofbug;War of the Bugs or Monsterous Manouvers in a Mushroom Maze;1981;Armenia / Food and Fun Corp;768;224
warpwarp;Warp & Warp;1981;Namco;272;224
waterski;Water Ski;1983;Taito Corporation;256;224
wiggie;Wiggie Waggie;1994;Promat;384;240
wingforc;Wing Force (Japan, prototype);1993;A.I (Atlus license);320;224
wiping;Wiping;1982;Nichibutsu;288;224
wivernwg;Wivern Wings;2001;SemiCom;320;236
wiz;Wiz;1985;Seibu Kaihatsu;256;224
wmatch;Water Match (315-5064);1984;Sega;479;224
wndrplnt;Wonder Planet (Japan);1987;Data East Corporation;256;240
woodpeck;Woodpecker (set 1);1981;Amenip (Palcom Queen River);288;224
worldwar;World Wars (World?);1987;SNK;400;224
wrestwar;Wrestle War (set 3, World) (8751 317-0103);1989;Sega;320;224
wrofaero;War of Aero - Project MEIOU;1993;Yang Cheng;384;240
wtennis;World Tennis;1982;bootleg;240;240
wwestern;Wild Western (set 1);1982;Taito Corporation;256;224
wyvernf0;Wyvern F-0;1985;Taito;256;224
x2222;X2222 (final debug?);2000;Oriental Soft / Promat;320;240
xevious;Xevious (Namco);1982;Namco;288;224
xxmissio;XX Mission;1986;UPL;512;192
yamagchi;Go Go Mr. Yamaguchi / Yuke Yuke Yamaguchi-kun;1985;Kaneko / Taito;256;224
yamato;Yamato (US);1983;Sega;256;224
yosakdon;Yosaku To Donbei (set 1);1979;Wing;260;224
youjyudn;Youjyuden (Japan);1986;Irem;256;256
zaryavos;Zarya Vostoka;1984;Nova Games of Canada;256;224
zaviga;Zaviga;1984;Data East Corporation;256;240
zaxxon;Zaxxon (set 1, rev D);1982;Sega;256;224
zerohour;Zero Hour (set 1);1980;Universal;240;192
zigzagb;Zig Zag (Dig Dug conversion on Galaxian hardware, bootleg set 1);1982;bootleg (LAX);768;224
zingzip;Zing Zing Zip;1992;Allumer / Tecmo;384;240
zipzap;Zip & Zap;1995;Barko Corp;256;224
zoar;Zoar;1982;Data East USA;256;240
zodiack;Zodiack;1983;Orca (Esco Trading Co., Inc. license);256;224
zzyzzyxx;Zzyzzyxx (set 1);1982;Cinematronics / Advanced Microcomputer Systems;256;224
